INSERT INTO cinema_hall (seats_number)
VALUES (5), (10), (25)

/*seanses list*/
INSERT INTO seanse(`date`, `start_time`, `end_time`, `is_full`, `cinema_hall_id`, `movie_id`)
VALUES ('2023-05-14', '17:00', '20:00', 0, 1, 1), 
('2023-05-27', '17:00', '20:00', 0, 1, 1),
('2023-05-27', '16:00', '20:00', 0, 2, 2),
('2023-05-28', '12:00', '15:00', 0, 1, 4),
('2023-05-28', '15:00', '18:00', 0, 1, 5),
('2023-05-28', '15:00', '18:00', 0, 2, 6),
('2023-06-01', '13:00', '15:00', 0, 1, 4),
('2023-06-01', '15:00', '19:00', 0, 1, 5),
('2023-06-01', '15:00', '18:00', 0, 2, 6),
('2023-06-01', '19:00', '22:00', 0, 2, 4),
('2023-06-01', '17:00', '20:00', 0, 3, 5)

/*Booking  system

INSERT INTO booking (`booking_time`, `is_active`, `is_booked`, `ticket`, `seanse_id`, `user_id`)
VALUES ('2023-05-26', 0, 1, 'normalny', 1, 2),
('2023-05-26', 0, 1, 'normalny', 2, 1),
('2023-05-26', 1, 1, 'ulgowy', 2, 1),
('2023-05-27', 0, 1, 'normalny', 3, 1),
('2023-05-28', 1, 1, 'normalny', 4, 2),
('2023-05-29', 1, 1, 'ulgowy', 4, 2),
('2023-05-29', 1, 1, 'normalny', 4, 2),
('2023-05-29', 0, 1, 'ulgowy', 4, 2),
('2023-05-29', 1, 1, 'ulgowy', 5, 3),
('2023-05-30', 1, 1, 'ulgowy', 6, 1),
('2023-05-30', 1, 1, 'normalny', 7, 2),
('2023-06-01', 1, 1, 'normalny', 7, 3)
*/

INSERT INTO booking (`booking_time`, `is_active`, `is_booked`, `ticket_id`, `seanse_id`, `user_id`)
VALUES ('2023-05-26', 0, 1, 2, 1, 2),
('2023-05-26', 0, 1, 2, 2, 1),
('2023-05-26', 1, 1, 1, 2, 1),
('2023-05-27', 0, 1, 2, 3, 1),
('2023-05-28', 1, 1, 3, 4, 2),
('2023-05-29', 1, 1, 1, 4, 2),
('2023-05-29', 1, 1, 2, 4, 2),
('2023-05-29', 0, 1, 3, 4, 2),
('2023-05-29', 1, 1, 3, 5, 3),
('2023-05-30', 1, 1, 1, 6, 1),
('2023-05-30', 1, 1, 2, 7, 2),
('2023-06-01', 1, 1, 2, 7, 3)

/* */
INSERT INTO ticket(`type`, `price`)
VALUES ('ulgowy', 12.50), ('normalny', 21.00), ('rodzinny', 25.00)


/* seats */
INSERT INTO seat(`seat_number`, `cinema_hall_id`)
VALUES (1, 1), (2, 1), (3, 1), (4, 1), (5, 1), (1, 2), (2, 2), (3, 2), (4, 2), (5, 2), (6, 2), (7, 2), (8, 2), (9, 2), (10, 2), (11, 2),
(12, 2), (13, 2), (14, 2), (15, 2), (1, 3), (2, 3), (3, 3), (4, 3), (5, 3), (6, 3), (7, 3), (8, 3), (9, 3), (10, 3),
(11, 3), (12, 3), (13, 3), (14, 3), (15, 3), (16, 3), (17, 3), (18, 3), (19, 3), (20, 3), (21, 3), (22, 3), (23, 3), (24, 3), (25, 3)

/* booked_seats */
INSERT INTO seat_booked (`booking_id`, `seanse_id`, `seat_id`)
VALUES (1, 1, 1), (1, 1, 2), (1, 1, 3), (1, 1, 4), (1, 1, 5), (2, 2, 1), (2, 2, 2), (3, 2, 1), (3, 2, 2), (4, 3, 2), (5, 4, 1),
(5, 4, 2), (5, 4, 3), (5, 4, 4), (6, 4, 1), (7, 4, 2), (8, 4, 3), (9, 5, 1), (10, 6, 1), (11, 7, 1), (12, 7, 2)